,s1_cell01,s2_cell02,s3_cell03,s4_cell01,s5_cell02,s6_cell03,s7_cell01,s8_cell02,s9_cell03,s10_cell01,s11_cell02,s12_cell03,s13_cell01,s14_cell02,s15_cell03,s16_cell01,s17_cell02,s18_cell03,s19_cell01,s20_cell02,s21_cell03,s22_cell01,s23_cell02,s24_cell03,length,type,chr
gene1,11.11631545,12.65986416,11.38050342,10.84343633,12.29402203,11.07829469,11.08335362,12.83157178,11.24916268,10.45511973,12.764083,11.19786535,10.32388835,13.01243131,11.31708678,10.40654872,12.71078815,11.41324109,10.69668573,12.83305201,11.12081617,10.25305921,12.63910933,11.20286389,124882,protein_coding,chr1
gene2,10.94706858,8.560271153,11.37029984,10.21784851,8.863638924,10.66269049,9.595476749,7.9613654,10.50311791,9.752049113,8.418864467,10.42818768,9.476824009,9.375891051,11.23952381,9.314512849,8.470325298,10.20665651,9.948434784,8.955171691,10.98661388,10.07094136,9.072505554,10.86882165,51244,protein_coding,chr1
gene3,9.452390571,8.037535196,8.938325281,10.48914692,8.402186179,8.014417675,9.43755045,7.036520608,8.45976642,10.18205677,7.625993386,8.928029708,9.667321226,6.94815307,8.834066101,9.591642205,7.650366854,8.397008702,9.765836397,7.555075622,9.363586566,9.699388022,7.212571998,8.77353001,39318,protein_coding,chr1
gene4,12.55503536,11.83230771,11.47503483,13.94238919,10.6079037,11.09356033,13.49476122,11.16425241,11.80303006,14.05233803,11.19818831,11.1458102,14.06641437,10.78491888,11.97314548,13.26287954,11.18516643,11.50675691,13.59717658,11.96591772,11.15332754,12.77428655,11.29675576,11.69719908,45043,protein_coding,chr1
gene5,13.40937549,11.25477054,13.97541203,12.08965718,12.50146288,12.96021738,12.12282289,11.04672691,13.27374881,11.35635545,10.30118247,13.31146319,13.0283079,10.55049257,13.73321631,11.62105031,11.1189501,14.00867653,12.2139196,10.70540345,13.47693494,11.99032761,10.40975916,13.52906239,15421,protein_coding,chr1
gene6,10.04740222,7.25949668,10.34537959,9.91111418,8.219642558,10.65907355,11.34038975,8.494383052,10.70476448,9.886159625,7.856372681,10.37792807,9.784094442,7.464900062,11.00575066,9.735216399,7.039363947,9.973792164,10.4552319,7.823994202,10.65754373,9.713445472,7.623822835,10.52707677,283709,protein_coding,chr1
gene7,14.09555553,12.57280451,12.92314717,14.50873783,14.27955372,12.47166359,15.00467707,13.54244972,13.36211577,14.98655916,12.72144558,13.33315513,16.7033702,12.56426882,13.24383789,15.85472357,13.73349847,14.09571942,15.04616217,13.27786707,12.91947201,15.22313792,13.31168707,13.0381513,11476,protein_coding,chr1
gene8,12.00265715,15.52283158,12.83443673,12.50707985,17.40710144,13.49211675,11.33520594,15.04668226,12.29523452,12.88861952,15.77802269,14.22011874,11.24889293,14.63160403,13.77690882,13.12015186,16.6856701,14.20000225,11.49884688,14.74109943,12.70482181,11.42371676,15.05061336,13.25313871,3235,protein_coding,chr1
gene9,12.4005642,11.72526808,12.82731909,13.10344941,11.71605463,12.80139768,12.18789362,11.53809491,13.7599068,11.27797106,11.05211211,14.1063542,12.58135519,11.09401819,13.30975668,12.79931365,11.80517842,13.35966448,12.90861372,11.4535788,13.94157255,12.52324153,11.30411937,14.12519099,25927,protein_coding,chr1
gene10,10.36555344,10.20957487,11.60859941,10.80853889,9.468051309,12.18856659,11.56126001,9.784995772,11.93559287,11.62413093,9.891737563,11.92729043,10.63041688,9.630825775,12.20590799,11.1708831,9.385590145,11.25392017,11.04795355,9.99384791,11.4395029,11.19737375,9.394280837,12.40559979,168570,protein_coding,chr2
gene11,15.76320003,12.88542826,15.62486335,14.08611518,13.73471728,14.5277469,14.03389112,13.22286449,14.74190239,14.19319041,12.24030364,15.02883356,15.05032791,12.27549735,15.03725477,14.88309695,13.59762645,16.04848291,14.42097829,12.57072059,15.07221236,13.95858919,12.70678947,15.08078784,19379,protein_coding,chr2
gene12,11.1445545,9.093045658,10.06200107,11.12449912,8.60308363,9.565720193,11.75179006,9.410240379,10.34257245,10.84518746,9.308946074,9.929956717,10.99218014,8.964795636,10.18717027,12.49871014,9.279010817,10.29053953,11.20671691,8.958780238,9.779194961,11.86823807,8.634542247,9.871805837,45419,protein_coding,chr2
gene13,13.33658112,14.8825711,13.49349344,13.55299434,15.80525757,12.98016351,12.81658459,15.87729025,12.75149348,12.66088086,14.38493809,12.78930912,12.45912851,15.6657646,12.93417095,13.17597865,15.5635461,13.25158249,13.11525356,15.5963886,12.63215568,12.87082427,15.45373043,12.99619801,13593,protein_coding,chr2
gene14,11.13402952,13.10214413,9.849772105,11.07804307,12.62440724,9.550182543,10.94557677,12.61359008,9.883839844,10.53808871,12.73319949,9.296013551,9.799640939,11.72636105,9.745526062,10.8414563,12.98330954,10.14268505,10.72844787,11.52833672,9.86424266,10.45527423,12.06512862,9.260064372,75328,protein_coding,chr2
gene15,11.86305444,14.46620867,12.69707049,12.71111635,14.20068283,12.82203077,13.64253782,15.23269118,12.96551634,13.01710194,14.50308637,11.86210997,12.73954718,15.50334921,13.73159423,12.09719295,13.84067647,12.37238654,12.88676521,15.55478379,12.27377924,13.76511449,15.05800944,12.04657661,4208,protein_coding,chr2
gene16,9.104019695,8.075220341,10.40570375,8.177433621,7.833015441,10.64329452,8.258701509,8.671757248,11.33155976,8.692922731,8.26079177,10.98524832,8.76473876,7.954272168,10.19060911,8.006118222,8.389944409,11.02468598,8.639625584,8.470175797,10.68859039,9.177506329,8.675999352,11.86888382,64178,protein_coding,chr2
gene17,13.73346616,11.42359485,14.64693368,13.86134892,11.58516167,13.6208752,14.66282318,12.07715522,14.0655669,13.88529292,12.23480193,13.00943497,14.15866087,12.41498252,14.65376373,14.20583684,11.85712322,13.64886535,14.47850558,12.26486383,13.63182997,14.81290478,12.53405684,14.35228945,213391,protein_coding,chr2
gene18,13.63613339,11.05413415,13.33702684,12.11407731,9.670755971,12.0412077,11.72330324,10.28523504,12.27933329,11.70109726,10.90943136,12.32382765,11.45322823,9.845371717,12.58741698,11.83423413,10.88462144,12.69223226,11.65998124,10.00784962,12.48206387,12.237605,9.79111054,12.61610964,23806,protein_coding,chr2
gene19,8.846500185,7.000163858,7.581714269,9.348230425,6.29756634,7.694574593,8.762077704,7.079096197,7.38582674,9.664035359,7.217859578,7.662848753,8.613581139,6.568946299,6.762533663,8.216535062,7.343962532,7.638143866,9.234812305,6.872897167,8.2392308,9.186492853,6.380238582,7.098146481,7341,protein_coding,chr2
gene20,12.44353295,10.13235429,11.65392526,11.82301283,10.55490492,11.67102466,12.41738259,9.714733284,11.16958582,12.12849114,9.512331966,10.42527921,12.7895228,9.452676655,11.94593409,13.30707372,10.07011972,11.14177857,12.12125171,10.31426154,10.8304102,13.43206411,9.846627542,11.12420407,38906,protein_coding,chr2
gene21,11.4603718,16.91094612,10.60198187,12.45192671,14.8912272,12.08858635,12.57081173,15.8364815,10.63069206,11.27455598,14.88720415,11.78932763,10.97858517,15.29813255,11.54104489,12.47191411,16.26385913,12.73456504,12.12278469,15.34881604,11.68505877,11.53695721,15.11809882,11.47800539,42938,protein_coding,chr2
gene22,11.16537686,10.79584477,12.91003791,10.19401032,9.734400763,12.27065426,10.91202349,9.600040281,12.31121468,10.46021622,10.0215611,11.78309339,11.09285362,10.01592793,12.78262538,11.4308386,10.02454847,13.16839129,11.51107308,10.44479509,12.1914777,11.48418345,9.809854589,12.47830106,190816,protein_coding,chr2
gene23,11.3777316,10.38861456,12.85096243,10.38245281,10.79769278,11.09712889,11.50927484,9.884362278,11.48792259,10.21696454,10.05227034,12.52469406,11.41870324,9.789374459,12.07806039,11.91635056,9.759759496,12.67162871,11.59608172,8.955171691,11.79745359,12.12846755,9.477398768,12.27074491,93131,protein_coding,chr2
gene24,10.02479157,12.01640362,10.65337897,9.235977099,11.93121569,11.39187218,9.403284077,11.12330877,10.47906832,8.543772534,11.763586,10.6336573,8.842732901,11.97578108,9.853600239,8.556411038,11.86813021,10.40095681,9.369008696,11.51553059,10.55019936,8.722990524,11.5344407,10.53984112,118238,protein_coding,chr3
gene25,12.52043423,9.333597958,11.092274,13.75780736,11.16264164,11.6130066,14.79247304,10.56029358,12.6138826,14.0781837,10.60275955,12.20591026,14.03048459,10.80806633,11.74834326,14.393306,10.99919445,12.26645265,13.99585456,10.82291945,12.37656672,14.08080232,10.95001827,12.03240308,163856,protein_coding,chr3
gene26,12.94348955,15.18735809,13.44770791,11.23083157,13.58036847,12.78710833,12.16214325,14.46035573,13.27904632,11.73589835,13.9794542,13.25320162,12.28408546,14.35018762,13.5599172,12.37563617,14.67195271,13.71254801,11.50966764,13.88194325,12.83154263,12.35210147,14.082503,13.41910263,221953,protein_coding,chr3
gene27,10.82150936,9.205642708,11.9495364,10.89978599,8.809257854,12.7837906,9.350308396,8.00617899,11.03798208,9.274559845,8.713733918,11.31720047,9.548940957,7.931455928,12.06031289,9.643689055,9.132049265,13.07902505,9.786101026,8.135926932,11.90515215,9.329247567,7.924479425,11.64407964,26872,protein_coding,chr3
gene28,13.02188736,11.51641045,13.37291045,12.45412362,11.7175318,12.99099349,13.01359773,11.55515955,14.5275135,12.08895609,11.1379875,14.02632046,12.37890962,11.36768471,14.23511572,12.55662431,11.37914228,13.31007473,12.62881143,11.34125812,13.69279165,13.06848736,11.39174528,14.46732321,737389,protein_coding,chr3
gene29,12.55529833,13.85025878,10.79675756,13.12783575,14.17178884,11.08819088,13.22682106,13.99887369,11.63262175,13.24042213,13.67719395,11.37863157,12.92962517,13.68566471,11.71350755,13.38164674,14.80066518,11.83219039,12.20381569,12.63161372,10.70442941,12.59375574,13.31642845,11.86888382,55007,protein_coding,chr3
gene30,11.30640852,13.67678768,12.16478046,9.748787583,12.8566465,11.21431059,11.04417872,13.15027031,11.20694316,10.74662147,12.83618383,11.48650953,10.44978305,13.00106288,11.19313252,11.8647892,13.60286858,11.99616942,10.67344304,11.78972032,11.49519693,10.73644797,12.3151947,11.24184419,78335,protein_coding,chr3
gene31,12.69527116,14.69011755,12.20527622,11.11103697,14.36277732,12.22327109,10.57532376,13.0583969,11.75821236,10.97709885,13.85523839,11.91022955,10.70855135,12.40501083,12.49483055,11.91024674,13.35042384,12.85528744,10.89487595,12.42147606,11.90368286,11.15794058,12.87667662,12.15297963,271465,protein_coding,chr4
gene32,11.14734824,9.420341394,11.28265631,12.91078576,8.877800888,11.48265901,11.5914664,9.782851086,11.64067426,12.16640477,9.997628426,12.4586643,12.48183936,9.237036317,12.41733137,11.79954598,9.455943144,11.9931069,12.02320579,9.317500646,11.82410606,11.76291067,8.714088783,11.96702221,29557,protein_coding,chr4
gene33,12.18569511,12.2064244,10.47937825,13.45218585,10.76853681,10.88952843,12.52516335,12.19191916,10.35730676,13.26994364,11.62565549,9.966428055,14.39550596,11.92855604,9.658802008,14.42057123,12.8059481,11.35836685,14.10838141,12.63866117,10.87007229,14.16234723,12.19379014,9.527902722,21919,protein_coding,chr4
gene34,9.831627521,8.55027058,10.41867767,9.61380708,8.347264348,11.30659219,9.33220855,8.748495249,10.66346886,9.215505378,8.931487499,10.57450447,9.642179393,8.693650916,11.71529931,9.53263685,9.313525661,10.87855685,9.354467779,9.172755891,10.70780098,9.724285124,8.898573672,10.73689802,103112,protein_coding,chr4
gene35,10.21656097,10.86874118,12.14461888,11.89916468,10.14919908,12.38418181,10.9582769,10.41553262,11.82156651,10.95888335,10.51340215,12.14224332,11.50379349,10.16517984,12.75646993,11.97662415,10.29500508,13.35589454,11.4552203,10.76123068,12.87367772,10.90856679,10.40975916,12.60913879,90682,protein_coding,chr4
gene36,10.65971791,13.16806964,11.4754488,8.838674913,12.07950086,9.717178433,8.980348254,12.87701727,10.05869836,10.25104758,13.06555962,9.679614572,10.13495154,13.88819594,10.90049076,9.379207418,12.48441683,10.7878046,9.369008696,12.86128233,9.783462035,9.848380034,13.21196516,10.60856118,106229,protein_coding,chr4
gene37,13.13704819,11.36869569,13.16817648,12.83477946,11.38529288,13.01618732,12.36715576,11.0511888,13.4310594,12.25358122,10.16069423,14.08451308,13.21763669,10.23516498,13.71616746,13.27405565,11.35679164,13.76301364,12.95168753,10.36273428,13.57249991,12.85488305,10.60185384,13.69965966,216341,protein_coding,chr4
gene38,10.36195004,8.784424856,12.31851493,9.781147867,7.773661125,10.96568215,9.878083932,8.657781132,10.99967639,10.90655343,8.339064763,11.03188291,11.85752151,8.35946927,11.83274673,11.32759003,9.068350704,12.58529249,10.57025802,8.940646556,11.56564195,10.81605316,8.284558318,11.17481126,222882,protein_coding,chr4
gene39,10.55525484,14.1850473,10.32989603,11.3914235,12.53172639,10.73547939,11.62901825,13.17501277,9.977100089,9.839985808,13.17671917,9.699010407,10.87448244,13.285426,9.680976639,11.15358138,13.66293844,10.40863904,10.95325208,12.84650596,10.03143457,10.52335281,13.04544255,9.870251774,180624,protein_coding,chr5
gene40,9.630673157,12.78257778,9.954449989,8.650055842,12.81769213,10.40064716,8.973691578,14.30789768,11.43102166,9.620000998,12.91790792,10.62354252,9.21289975,13.69204161,10.61972098,9.324210631,13.76432303,10.55980162,9.795358784,12.67339106,10.66450096,9.152500801,12.96306084,10.41322912,86102,protein_coding,chr5
gene41,11.58357871,13.62690796,11.90505389,10.94957498,13.10653098,11.44814507,10.62608387,13.3961434,11.06575931,11.16361606,12.65385199,11.36427677,10.9563184,13.28916976,12.03757834,11.54637327,14.04263438,11.51282846,9.91909144,12.75737288,10.61508074,9.944214968,13.06518794,11.38148536,21526,protein_coding,chr5
gene42,9.512132731,10.25440877,11.98078197,9.542445562,9.502733684,11.55450539,10.41258945,9.165530426,12.17480111,9.657595953,10.74666387,11.68558742,10.52598166,9.441954343,12.63236378,10.58815869,9.438673909,13.34111696,9.906330689,9.39944725,12.18786061,11.11269254,9.349431423,12.10257997,277125,protein_coding,chr5
gene43,10.4774633,13.15685441,9.017781324,11.28895334,12.57664207,9.804898354,9.89403601,12.94883984,9.598163841,10.09478108,12.7459639,9.41221035,9.741167622,12.6014804,10.769802,10.55559698,13.60528906,9.819827391,10.6709304,12.26850304,8.840270172,10.2195234,12.92810098,9.17702059,125908,protein_coding,chr5
gene44,11.49313508,8.790101554,10.16824636,10.81539094,9.015468358,9.275706533,10.78850615,7.991395267,9.455726083,11.20560386,9.641501719,10.49767297,11.33895752,8.571076176,9.908926914,11.43621455,9.203316037,9.761028028,10.7752072,8.955171691,9.985873893,9.677244929,8.812379889,10.12735557,136363,protein_coding,chr5
gene45,12.17922578,14.63144581,11.56647402,12.5277894,13.75906918,11.3355826,12.20540068,14.74783753,11.18893464,11.95341561,13.9089073,10.57450447,11.54669718,14.28240429,10.61844489,13.20461255,15.02576807,12.22615469,11.84037834,14.73558827,10.98568831,10.50281481,13.91165739,10.88814713,152955,protein_coding,chr5
gene46,11.60507664,10.3867425,12.15059331,10.57701677,9.146994477,10.86984489,10.77899256,9.448628027,11.24494307,10.91838485,9.154338881,11.37712725,9.903167596,9.44732546,11.75242105,11.31888548,10.05092754,11.96081298,10.52830626,9.380738501,11.35171055,9.938906861,9.05864074,11.83502765,55902,protein_coding,chr5
gene47,11.17772754,12.84764954,12.67128344,10.36387733,13.03507481,12.06418017,10.27317288,13.67744174,12.20525433,10.23815833,13.40328718,11.87389122,10.80368495,13.1654937,12.61455275,11.12889433,12.69814462,11.91866211,10.3249163,12.72991857,11.85027508,9.641747073,13.09351179,12.57472465,157582,protein_coding,chr5
gene48,13.29325095,12.55332597,11.94834397,14.41864156,14.01283937,12.24273374,14.09276695,12.93151917,12.32701976,14.80566535,12.41899756,11.4724895,14.48345747,12.08146093,11.14519976,13.80786368,13.17460609,12.18044195,12.68530345,12.02649048,11.60173106,14.09556231,12.67050026,10.9260384,9675,protein_coding,chr6
gene49,12.63683093,10.47220426,13.05529517,14.00858674,11.55021855,11.75191904,13.05675315,10.88017033,12.26664101,13.41795478,10.06826734,12.16595891,13.09699537,10.38402722,11.68514229,13.15262796,11.41799242,12.92417034,12.28410308,10.52487475,12.41901015,12.9240122,9.911702687,12.0862738,23698,protein_coding,chr6
gene50,10.10458332,11.13609507,10.79277681,11.16107724,12.9120995,11.6111359,10.54981739,11.6652045,11.31202787,10.03765737,12.27403041,11.11635849,9.926679902,12.27398676,11.47065757,9.785224099,12.45530238,10.12320725,9.871739686,12.81200957,10.68403283,9.453567094,12.43322837,10.89733221,19124,protein_coding,chr6
gene51,10.85008518,13.61496365,11.3689636,10.41375042,12.53619771,10.40784901,10.47519622,13.2925456,10.43066108,11.46728838,12.83306627,11.13338889,11.37114185,13.59450641,10.61972098,10.25559345,13.61924832,11.50030023,10.01598765,12.89015243,10.65055279,9.975659902,12.53890233,10.40251735,12980,protein_coding,chr6
gene52,12.60339596,10.26157723,11.38227061,12.32529182,10.12119879,9.864741828,13.22436972,10.00702563,10.78687568,12.79481885,9.550794145,10.30543603,12.65673007,9.994074204,10.96114481,13.00277529,10.4709495,10.87412455,12.85944071,10.55974727,10.00609807,11.93674514,9.945056942,10.25312081,149475,protein_coding,chr6
gene53,10.98348199,8.904426079,11.2683933,9.516250635,8.741173444,11.16500766,10.77994675,8.457208891,10.68075416,9.318082328,7.374750922,10.28472478,10.2358758,8.580883738,11.4812265,10.10509123,9.341670376,11.39247128,9.953956954,8.444667506,10.35185493,10.12452774,8.127394519,10.97602367,102787,protein_coding,chr6
gene54,9.342101422,7.730183047,11.0879489,8.517075306,8.510680401,10.56557111,9.035723191,8.146236951,11.39100601,8.966069531,8.775666992,11.69467409,9.491538683,8.479671995,11.6978851,8.726948241,7.613903395,11.0641337,8.89348379,9.063041513,11.75027449,9.117688469,8.594263212,11.80808947,79514,protein_coding,chr6
gene55,10.10745548,12.66508655,11.0611709,8.751534562,11.96311372,10.05840304,9.510648443,12.32168054,10.4646252,9.367252768,11.61782678,10.18851651,10.06931608,12.39705294,11.26502891,9.441124957,12.01284476,10.42766755,9.854128112,12.83231454,9.854135457,10.04400098,12.48517128,11.26568265,45691,protein_coding,chr6
gene56,13.81226587,14.1213187,11.44533499,15.39370451,14.75706575,11.91749105,16.06410929,16.00866947,13.70442156,16.08939353,15.59559023,12.04564822,15.66315416,16.01199334,12.61966409,14.80914458,14.4131374,11.44944263,15.78451621,15.7977204,12.50388529,15.3089639,15.61451426,11.57325466,53672,protein_coding,chr6
gene57,12.42033298,10.87275928,12.62911518,12.56311274,11.41957886,12.02443804,12.60809229,10.90404691,12.25802979,12.65129102,10.23815768,11.94262716,13.34252847,9.907093751,12.26744907,13.70704582,10.95978761,12.4492621,13.08678922,11.12062768,12.22519909,13.00941751,10.89986907,12.71119031,29455,protein_coding,chr7
gene58,11.21881333,10.03770179,11.66558197,12.62096679,10.29615924,11.70006184,11.32543581,9.862187748,12.06269858,12.1134246,10.08758137,12.11497601,12.89959878,9.450003539,12.30719679,12.64284847,10.05886115,12.48893657,12.6660868,10.65957565,12.21694094,12.13978931,9.719119107,12.09627902,38290,protein_coding,chr7
gene59,9.185106005,8.098283241,10.19865192,9.660218043,8.33191553,10.72974355,9.410695698,8.624633816,10.29846284,9.210014963,7.654531721,10.67219563,10.31309632,7.399898738,10.26262836,8.673324248,8.497266114,11.54942589,9.145933721,7.783870262,10.83555644,8.847193122,7.279853655,10.37976039,16098,protein_coding,chr7
gene60,10.21921882,11.78120622,8.812903224,9.320975268,11.14810917,10.21768872,8.509403074,11.44486625,9.156538751,8.727151029,11.57430379,9.000167431,10.0123732,11.57142226,9.707624121,9.829476407,11.70003542,8.611898111,9.941502215,12.1047123,8.823791271,9.074773564,11.77335456,9.643404724,44029,protein_coding,chr7
gene61,10.29424071,10.38861456,12.1681135,9.015696112,11.8998981,12.00319808,8.734779535,9.92577178,11.95509685,9.0508222,10.01607331,12.05037517,9.757181056,9.761617412,12.32334259,9.672825124,10.17603919,11.9010696,8.97992907,10.54781724,12.07968199,9.288093236,9.932758057,12.29932076,205660,protein_coding,chr7
gene62,9.544284066,9.715562804,7.60611737,8.645668637,11.01268503,8.459139127,9.745644249,9.577945884,8.23142153,10.34571534,9.794650687,7.907571281,9.693991134,10.94915136,7.12083945,10.42379047,10.01642338,7.955940718,10.26841897,10.4253655,7.936116562,10.59849818,10.7429137,7.098146481,105650,protein_coding,chr7
gene63,10.00490488,8.129964151,9.090929049,9.421914388,8.162944073,8.684609912,9.915034725,7.842834229,7.755700778,10.51155435,8.440876474,8.687066045,9.374285861,7.308406781,9.023379039,10.75231834,8.44633218,8.033512964,10.53107975,7.564580284,8.628892418,9.436718735,7.642533792,7.988848404,38606,others,chr7
gene64,9.332313887,12.24981073,10.32347182,8.735109433,10.42711804,10.39195721,9.134521689,11.40776962,10.43066108,9.00082473,11.62445383,11.04804438,9.137178981,11.1804126,10.39222992,9.151947082,11.71086535,11.27760633,9.119149573,11.34402018,10.75636626,7.911354628,11.44767133,10.82135612,158697,protein_coding,chr7
gene65,8.489424546,11.24084777,8.542773723,9.315461899,10.44743815,8.586466641,8.462627476,11.13428512,8.170430855,8.477682453,10.43469093,7.899210412,8.910000689,10.84312476,8.590299642,9.288989226,10.98677228,8.418475298,8.476544006,10.83081759,8.032485034,8.889081336,10.78825249,8.719316573,33326,protein_coding,chr7
gene66,10.66069594,8.061203522,10.3651736,10.64453159,8.483154699,11.25720732,11.40056448,8.653092176,11.34295581,10.76133588,8.38520361,11.21564981,11.14569084,8.02063246,11.37490841,10.73570087,7.825345633,10.77894088,11.08050377,9.004888023,11.02676227,11.01455229,8.314036186,11.41331469,67133,protein_coding,chr7
gene67,12.83979487,12.28390597,14.44038391,14.16218674,12.3430142,14.15039467,12.88003282,11.92014496,14.16131314,13.54571463,11.46710985,15.08755942,14.02290757,11.05144769,14.34171078,13.6669288,12.43824275,15.95179484,12.98914885,11.05892262,14.99480074,13.21291823,11.13646265,14.97274111,32516,protein_coding,chr7
gene68,11.74213614,13.92189572,12.24490908,11.68017372,13.50553086,11.43551511,11.30768107,14.48422834,11.41561771,12.33742634,14.27665879,12.49898951,11.48157004,14.41869319,12.44926307,10.32098655,13.26788311,10.46425076,10.83028957,13.66702104,11.03125468,11.24707654,14.03311795,11.32927733,66200,protein_coding,chr7
gene69,13.48144287,14.69839539,12.68011004,14.23198015,15.02564103,13.18498307,12.54550535,15.99879972,12.88476178,13.25155525,15.59811757,13.53854359,13.30232814,15.94130694,12.72450362,13.50284314,14.95077696,12.85963779,12.8769879,15.25924413,13.0028063,12.63577995,15.6436845,13.18539154,20196,protein_coding,chr8
gene70,11.16399802,9.347139209,11.66122174,13.06597654,10.15792955,11.6217046,12.69867321,9.282480351,12.33398905,12.52321983,8.876018714,12.28705212,13.92253718,8.253079923,12.5776006,13.19843022,9.365626075,12.12182841,12.85778466,9.05294799,12.23263023,12.51390102,8.772589815,12.14721632,214040,protein_coding,chr8
gene71,10.30052911,9.282158867,10.3179425,12.13887157,8.628432801,9.782909492,10.45502603,8.419051432,9.237350327,11.65597734,8.303465684,8.489596819,11.05601459,8.151439322,9.395299067,11.61038947,9.217561533,9.802437836,11.74764219,8.685835982,9.522641045,10.32908123,7.977024954,9.313647299,33857,protein_coding,chr8
gene72,12.60288722,13.74001722,11.79725211,12.314968,12.86622294,11.48402254,12.45610308,13.85687285,11.01710178,11.05786586,13.75777006,10.97931155,11.65774657,13.68850236,10.99103475,11.46060119,13.39676695,11.54664343,11.76384565,13.06145985,10.63292578,11.48463889,13.10515123,10.98466759,79159,protein_coding,chr8
gene73,12.80018022,8.665931532,13.31880237,11.61378326,8.966612683,12.11082234,12.04240466,8.385522025,12.22841453,11.05725447,8.60583491,12.39058569,12.03470759,9.468612167,12.78404884,12.31418835,10.02917092,12.1712133,11.75635935,8.790790731,12.31967532,12.20591516,8.917901628,12.91411132,344317,protein_coding,chr8
gene74,5.611754584,8.212604955,5.867479245,4.628729638,6.948047128,6.05366709,5.190756568,7.380840529,5.764680737,5.105196984,7.397442308,6.117590984,4.92275951,7.643984628,6.258705746,5.000200928,7.793094306,5.657368186,4.67361841,7.305872641,5.596094679,4.559688123,7.741318621,6.137942621,4124,antisense,chr9
gene75,10.82413067,8.24189652,11.23846187,11.26555604,7.773661125,11.68946291,10.26501792,7.392140893,11.63181402,11.32113745,8.266965874,11.90554135,10.02176123,7.954272168,11.51659253,11.25643718,8.789246736,11.69096805,10.35131057,8.148621514,11.85484426,11.67983364,7.155088977,11.54431142,360459,protein_coding,chr9
gene76,8.949331582,12.56971382,9.981515937,8.545612335,12.49774237,10.85937625,8.559162922,12.84345399,10.26551429,8.483155355,12.69134799,10.41798227,8.680311138,13.13918446,10.3952136,9.267033921,12.29661536,10.00757172,9.143519243,13.38986361,10.45309439,7.900472485,13.14946406,10.38085224,156008,protein_coding,chr9
gene77,9.319985346,12.01882308,10.64530693,10.95932986,13.02377581,11.33709239,10.19806357,12.11685875,10.883689,10.56543433,12.87257229,10.33827702,9.979025522,12.53681904,10.7123473,11.03811936,11.68180289,10.18981345,9.839285767,12.39408525,10.57994158,10.84471929,12.39132154,10.9372144,66195,protein_coding,chr9
gene78,12.38792209,16.07215212,14.17580613,11.2826098,14.51267459,12.50394669,11.12374944,15.27159274,12.8606614,10.8617386,14.29395707,12.86558325,11.23214098,14.81313687,12.75617986,12.34118542,15.91468912,13.99967628,10.88117384,15.06429335,12.9638573,10.68743726,14.3699746,12.61402192,179707,protein_coding,chr10
gene79,11.95641311,9.607188908,11.21683706,11.89316277,10.11672759,9.62871735,12.12357479,9.929654252,10.38441455,12.20900089,9.811644365,10.05376576,11.85095294,9.654238832,10.33899117,12.4565646,10.03607695,10.61795085,11.35077502,9.979708977,10.43150485,11.04821842,9.622291676,10.04158625,123378,protein_coding,chr10
gene80,9.112622446,11.7174693,10.99341321,8.305323602,11.81780567,11.60488265,8.61155782,11.35533277,11.06695497,9.049593151,11.26603006,10.90296415,8.479195672,10.97075872,10.30290459,9.419573854,11.57481511,12.12182841,9.048639586,11.00671373,11.20990469,9.134038815,11.27630985,11.3433479,46823,protein_coding,chr10
gene81,8.49820536,10.13570214,8.950288019,7.673250763,11.79466648,9.837265741,9.119523462,10.17834137,9.029826484,8.207068236,10.2175853,8.980488302,7.834015471,10.8421057,9.080102733,8.157002689,10.22521185,8.962315052,8.488008767,10.87731941,8.931536066,8.679094138,11.20218022,9.641583913,15318,protein_coding,chr10
gene82,12.59497869,10.7937271,13.80258017,12.8453393,10.41016623,12.89585454,13.48718606,11.05385933,13.82248042,12.61716365,10.45646424,14.61263928,13.10373367,10.44436496,13.48242295,13.52266763,11.4424571,14.43804915,13.09102435,10.08417329,14.40975781,13.50605189,10.83577077,14.34426567,122047,protein_coding,chr10
gene83,11.31139923,8.221034837,12.01649472,10.91079655,7.931348763,11.69359398,11.36984053,8.796058998,11.63987103,11.9963087,7.547010033,10.66111273,11.95077973,7.836401443,11.49658888,11.82367571,8.889251098,12.04233182,11.78646118,8.655026624,11.34306387,11.36901624,7.829693912,11.13135793,25169,protein_coding,chr10
gene84,10.14568006,11.73412965,10.96774914,8.502592278,10.83082804,10.4983414,9.116505015,11.55138482,10.86868369,9.753559522,12.41030802,11.22988789,9.731664251,11.63045837,11.34049425,9.529286929,11.12813607,11.08250011,9.663384755,11.96591772,10.78537799,9.775806548,11.69401696,11.13718481,189932,protein_coding,chr10
gene85,12.4139668,8.089102278,10.87226444,11.05589589,8.926300818,10.16255459,11.87120999,8.653092176,10.81987394,11.19034985,8.681740938,11.02036482,11.26314566,9.333010533,10.66615995,13.09403098,9.627312475,11.0680198,11.66672277,8.475223775,10.41784545,11.36110065,8.740382533,10.81974673,134343,protein_coding,chr10
gene86,10.30052911,9.965539362,11.83516398,8.970807185,11.68769724,11.45093677,9.810584542,10.60952931,12.17341409,9.912089202,10.36012568,11.96783154,9.827566215,10.42951545,11.94695112,10.2757244,10.01059159,12.07793784,10.39662304,10.56212149,12.05606802,10.26477408,10.41248709,12.38887377,72295,protein_coding,chr10
gene87,11.42166403,6.731745379,9.261934245,9.624993491,8.247177479,8.611635459,10.21791495,7.079096197,9.622763655,10.84624961,7.12573373,8.173305883,10.21829077,7.235766167,8.671299205,11.15466883,7.743323701,8.184342831,9.599638984,6.872897167,8.540894317,10.01402611,7.355522494,8.712394373,30986,protein_coding,chr10
gene88,16.22828659,11.75096368,15.38421147,15.06669205,11.91156069,14.18171817,13.96833052,11.80068564,14.52914107,13.94534124,12.13664867,15.2343615,15.8788197,10.93965496,14.64885012,15.83104805,12.87449695,15.70377583,14.7371127,11.47830257,14.56978474,14.06604194,11.49476843,15.64953659,38185,protein_coding,chr11
gene89,12.79973636,12.70713676,14.237269,13.22035094,11.91499824,13.5602769,12.33505506,11.75928918,13.64611688,12.16994396,11.753178,14.81062715,12.77282422,11.9438369,13.55575648,13.69326705,12.45937542,14.23493635,12.7075403,11.85507666,14.46385029,12.47752485,11.67625078,14.51863181,23536,protein_coding,chr11
gene90,14.54997446,12.32652128,13.01157808,15.67684366,13.62381722,12.90453609,15.01119257,13.03538545,13.7753494,14.83335883,12.13115941,13.66459214,15.75537759,12.29350216,12.66425088,15.58515176,13.14563118,13.84315171,15.63381471,13.35503017,14.25655813,16.15061881,12.77395763,12.96341152,3066,protein_coding,chr11
gene91,8.476152296,11.47119069,10.99630091,9.348230425,10.57133679,10.72744282,9.166978998,11.58746673,10.35730676,8.930456337,11.47912582,10.40917695,7.481626643,11.92326564,9.789278339,8.579268676,12.11584914,10.04255475,8.938747001,11.18443216,10.17638819,8.239608374,11.70824057,10.74963271,98791,protein_coding,chr11
gene92,10.77077743,12.83689177,10.9577099,9.64271327,10.93862084,11.0755839,9.870937105,12.5629337,10.92713238,9.532969466,11.95499028,10.33363097,10.03263726,13.2872991,11.15843106,10.07668708,12.53729422,10.85850338,9.57117624,12.22758382,10.31253408,9.252164641,12.20149987,10.63534112,146619,protein_coding,chr11
gene93,11.04918806,11.02373912,9.67047712,10.56079806,10.79676141,9.586180132,10.91550099,12.22032835,9.88790484,11.50946786,11.72598458,9.573274235,11.76482128,13.03423384,9.877267116,11.47677783,12.48819878,10.9846433,11.25280924,11.70952986,9.878274831,10.05139839,12.11370986,9.650665073,16242,protein_coding,chr11
gene94,11.1396524,9.60235733,11.32828987,11.48586908,8.168715255,11.16330649,11.95639396,8.605344834,10.48086358,11.4377632,8.446327395,10.35212605,10.49766645,8.307255105,10.54512002,11.55545897,8.667036307,10.72088586,11.14890757,9.627404675,10.41509798,12.35484439,9.182074235,10.46150398,246687,protein_coding,chr12
gene95,11.44228567,7.507075726,12.39468849,10.87563755,7.579368104,12.02209343,11.61732122,8.327847565,12.08912598,10.56414384,8.047823044,12.73014519,11.22741536,7.828190112,11.81224379,11.35670421,8.428946594,12.82245056,10.98191552,7.574022731,12.37055209,11.73485336,8.017008617,12.39239694,172134,protein_coding,chr12
gene96,12.06456201,15.49627319,12.40058596,10.88124625,13.99538923,12.94989326,13.5574539,13.97147554,11.5144579,13.03925288,14.29282289,11.561275,12.16821675,14.33387788,11.39218587,12.5778578,14.40193148,11.63607155,12.38591995,13.50617201,11.31090849,12.27231143,13.60258866,11.30647502,33736,protein_coding,chr12
gene97,12.76514207,10.69733129,8.628656276,11.60533604,9.317734763,8.928452877,10.59714247,10.04152047,9.31588727,10.95921065,9.706543415,8.607189481,10.95957864,9.802007477,8.710155028,11.59605136,10.10228134,8.951837303,11.19743545,9.254302739,7.981395479,10.81532916,9.528588728,8.37374325,84524,protein_coding,chr12
gene98,12.80128928,14.00699791,12.17704899,11.84422684,14.78039874,12.41774596,11.39060394,14.06743502,11.88767857,10.83915381,13.48699269,11.05934444,11.9353389,14.29791005,12.16410105,10.6097296,14.0132612,11.23762305,11.13985117,15.18001491,10.87207715,12.13283259,14.32575378,12.11345873,3388,protein_coding,chr12
gene99,9.60854267,11.652345,14.05373604,9.912940732,10.58218831,12.13576023,10.68839219,11.26756258,12.23321532,11.21796555,11.26603006,12.74625809,11.35637671,10.91660529,12.81194797,10.72256105,11.37097202,13.48512955,11.10180295,10.81298558,12.42789629,11.17440815,11.33823365,12.96359372,75454,protein_coding,chr12
gene100,9.689358518,12.05993256,9.22695814,9.544803502,11.46367054,10.19954379,9.702010735,11.25369178,10.0789894,9.8583523,11.78040791,10.44408031,9.502756409,11.26876647,10.45791393,9.328071564,11.78448054,10.53404433,8.700024115,11.9115614,9.51239456,10.04028801,11.60649196,10.16713576,85442,protein_coding,chr12
gene101,11.83906332,13.43610681,10.19463468,10.00143973,12.91746508,9.916153449,11.76437967,12.81277483,9.931879802,11.28582128,12.86470627,10.49628784,11.3057186,12.77837404,10.0443303,9.989176405,13.16741673,10.14176347,10.94218111,12.53157951,10.0296395,10.95794774,12.60731782,9.143960996,341331,protein_coding,chr13
gene102,12.10500269,15.50557582,12.86461703,10.52183099,14.58681522,11.76767948,12.04518521,14.75489825,11.53404393,11.63625822,14.22962135,11.94719657,11.37603017,14.73685314,11.95303833,11.97015305,15.51104588,12.22223667,12.41323675,14.14318869,11.53116659,12.12291946,14.27541266,11.88050964,129521,protein_coding,chr13
gene103,10.9518706,13.36288787,11.73153295,10.06688714,12.38637849,11.71813499,11.57066424,12.91079984,11.99991921,10.51244673,12.76217203,11.82507478,10.31373339,13.54776644,11.96212124,10.60496386,12.77686851,11.77092606,11.28876061,13.06104023,11.5871595,10.84967782,13.08295541,11.92272851,282394,protein_coding,chr13
gene104,12.28829386,12.93270566,10.51927461,12.54908702,12.33309102,10.97152651,12.62915988,12.59201013,10.5954971,11.37118961,12.37608822,10.55467901,11.33331353,12.87893558,10.0174729,13.1229326,13.05518384,11.0231855,13.11802323,12.20307201,10.68289119,12.79095422,12.36251539,10.01791987,8506,protein_coding,chr14
gene105,9.429620567,12.29243034,10.83274492,9.331939196,11.88770315,10.87816545,10.36632776,11.91476849,10.59632542,9.785656614,11.92406915,10.59146889,9.783174703,12.39913315,10.64500859,9.748242007,11.84995604,10.58103354,9.316389658,11.89187715,10.62818865,8.908220589,11.71764566,11.38638631,111359,protein_coding,chr14
gene106,12.5003611,12.70394528,11.6868302,13.8993894,14.05745983,12.29377475,14.75868818,12.66689564,12.11449988,14.88588815,11.54729186,11.85456241,14.47173139,11.58549619,11.54508029,13.96147869,12.71760565,12.12789117,13.3384153,12.21292676,10.93096278,12.91457857,12.41038157,12.0358729,55985,protein_coding,chr14
gene107,8.202949971,11.52196455,9.055926373,7.629485191,9.855629964,7.713298487,7.004537951,10.1977897,7.796638525,7.920162639,10.92415609,8.696746684,7.481626643,10.48801787,8.098718037,8.694415512,10.50702028,8.492634947,7.767469799,10.25385904,8.457896548,7.611145666,10.62084905,8.655787524,56108,protein_coding,chr14
gene108,10.24161503,11.87399723,10.57828054,8.213452044,11.84148311,11.00894844,9.47809428,11.38178942,10.54662244,9.360330193,11.4005758,9.986298473,9.53152073,11.88122167,10.92133843,9.855123016,11.39444987,10.36587135,9.312096043,11.59303961,9.783462035,9.672455438,11.91571046,10.54569448,207978,protein_coding,chr14
gene109,9.902793364,11.26499776,10.9458089,9.777142305,11.73999429,11.31504423,9.064200908,11.64822237,11.4861361,9.505443654,11.53006871,11.22320512,9.07239988,11.88716234,11.8626955,9.722072114,10.93475427,10.90758184,9.678473726,12.09859192,10.95386013,9.536736011,12.00517316,11.71375771,494279,protein_coding,chr14
gene110,13.04435584,14.05442328,12.37396644,12.78003842,13.86339059,11.79265349,12.30421491,14.42984144,11.93330014,13.00462969,13.9864865,11.70550308,12.98966092,14.62975978,12.20633274,12.96654489,14.69627074,12.01843145,12.62988991,14.15434503,12.00764791,12.46280608,14.12210015,12.13108527,166192,protein_coding,chr14
gene111,9.743905081,8.084489792,10.57210033,11.08048301,9.028221872,10.19954379,10.57532376,8.515203118,11.09066236,10.86383791,9.043620217,11.24975246,11.09211113,8.196790649,11.09378415,10.96871185,8.435925991,10.80827727,10.95187285,8.994377808,11.31238575,10.68347526,8.594263212,10.8116727,17939,protein_coding,chr14
gene112,8.942913967,11.92325985,9.729977959,9.290387627,11.2393691,9.361294564,9.669427314,11.85528679,10.03811785,9.107437358,12.65414643,10.73343953,10.02798614,11.21388715,10.1470229,9.322276282,11.2499623,10.44794029,9.221137777,11.31756464,10.18930986,9.213121361,11.03478778,9.809921511,116148,protein_coding,chr15
gene113,16.30061676,13.56927054,15.12879889,16.05866156,15.20991755,14.01676228,15.53560825,14.25385566,14.94498861,16.59529692,13.13766428,15.19781308,18.07216606,12.77276948,14.79544405,17.36021258,14.74239168,16.15498319,16.22761984,13.7126166,15.32423976,16.10376635,13.78100356,14.53128638,55750,protein_coding,chr15
gene114,10.95745283,13.82637283,11.88618478,10.25720324,12.97808443,11.48265901,10.354847,12.74773866,10.78251538,9.874406937,12.25124451,11.30142509,10.71724494,12.14894388,11.22450481,10.38261577,13.22621906,12.08538623,10.07419365,11.97619144,10.88205985,10.90039736,12.10425015,11.36613063,78314,protein_coding,chr15
gene115,11.08460043,12.97755025,11.42147069,9.806916402,12.51596675,11.59229426,10.20518475,12.55415813,11.50346078,10.01327679,12.90435718,10.85405687,9.516103549,12.88364808,11.89097869,10.13955303,12.37314868,11.26411903,10.24833508,12.69275161,11.10385507,10.09619622,12.98830731,12.19610623,225325,protein_coding,chr15
gene116,10.56050441,12.25392442,10.78478219,9.419346607,11.99553986,11.05279373,9.193002354,12.86058747,10.34257245,8.892571405,11.68449685,9.832334445,9.730710461,12.87819009,10.85462134,9.617111606,12.07535793,10.2534798,9.230268516,11.8296825,9.587526006,9.617033295,12.36410156,10.59262833,134248,protein_coding,chr15
gene117,9.174188988,12.48868629,10.47607217,8.791797407,11.48232764,10.74347144,9.281903998,12.60511818,10.47186483,9.321141408,11.10562684,9.517012509,9.544605581,12.57258727,10.59787243,8.918376598,11.98456397,9.647446429,9.437623414,10.77460045,9.606917402,9.697817594,11.74901012,10.45943832,964,pseudogene,chr15
gene118,12.35838766,10.54451359,13.01983224,11.84374815,12.21500149,12.68439565,10.88744343,10.67228126,12.61510917,12.43101293,10.88856094,13.05601173,13.41326672,10.20852621,12.79284309,12.1976835,10.57498426,12.96707365,12.1883795,10.49412047,12.94016409,11.81309427,10.69834092,12.78624476,74121,protein_coding,chr15
gene119,12.48000475,9.500433457,12.06213387,12.59702389,10.09112564,11.80470744,11.9226623,9.892341982,12.19161617,12.47390693,9.911577571,12.10137441,13.36767179,9.72006392,12.20420773,12.75303514,9.596498449,12.01868246,13.31245374,11.09380202,12.29036558,12.48710306,9.664096849,12.45412631,39968,protein_coding,chr15
gene120,9.351823004,8.746971642,11.30332358,9.832232737,8.478515585,11.58214385,9.934018686,7.899362636,11.5783172,8.495845289,8.950792038,11.71386979,9.882704631,8.871986686,12.103823,9.726466862,8.690570936,11.63115491,9.143519243,8.534460668,11.30572613,10.05385579,8.81444401,12.68623578,312016,protein_coding,chr15
gene121,11.51979084,8.509560282,9.881355907,12.25214551,8.515217387,8.749542058,10.43335745,8.906560699,9.927937008,11.39920236,9.387550896,9.273549277,12.24737662,8.968536061,9.33442404,10.98531003,9.061597779,9.579649612,11.89414925,9.05632035,9.870273168,10.94807375,8.972531388,9.979515445,24025,protein_coding,chr16
gene122,10.25980143,10.82447899,9.15848527,8.676102532,11.62977654,10.08560343,8.438658369,10.97151152,9.711066047,9.46637178,11.9044014,9.292825706,9.347159563,11.9655234,9.731429266,8.988360011,11.17581656,9.346775849,9.214251598,11.76158979,9.4139966,9.920173159,11.87549728,9.221579648,58454,protein_coding,chr16
gene123,8.528524035,11.59269301,10.00349801,8.213452044,10.52259594,9.643435979,9.172802668,10.77512019,9.521742825,9.082415402,11.54411786,9.581135464,8.266643678,11.14614287,9.346806274,8.781468966,10.92796344,9.54800014,9.076752324,11.173604,9.06722191,8.177861249,11.01113615,9.999556422,144509,protein_coding,chr16
gene124,9.638637175,12.08526,10.25567879,9.35898993,11.71309576,10.16085052,9.816176666,11.70765349,9.807210246,9.401375979,11.86118533,9.725260929,8.881063651,12.03182469,8.980316731,8.938720659,12.13232359,9.509938174,9.354467779,11.27188118,9.419490514,10.64569078,11.55773076,9.547482607,21172,protein_coding,chr17
gene125,10.59058086,8.258371345,12.08238637,12.4547507,9.190193103,10.877128,10.82224477,9.404672086,11.18398396,11.46244777,9.583318228,11.93242081,10.58522504,8.934517895,11.18280944,11.10039529,9.509855268,11.72950876,10.56395222,9.089617346,11.69358636,11.71906992,9.349431423,12.05241285,11408,protein_coding,chr17
gene126,9.787537814,11.34334093,8.05036805,9.773125591,11.37034572,8.85868686,10.55651482,11.01144227,9.394184181,10.17361941,10.74113069,8.050329178,9.591592898,10.86736877,8.968345904,9.121125167,11.03870008,8.902634629,9.001421426,10.55617861,8.66634342,10.29624852,10.71445779,8.60436633,83330,protein_coding,chr17
gene127,10.24292169,11.87065247,10.8797899,11.58428563,13.18337099,11.56742638,11.73663435,13.35360702,11.16121336,10.66831011,12.64647122,11.4010102,10.61602629,13.40756024,11.77664862,10.0960626,12.39278538,11.12088619,10.19220192,13.00498796,10.88205985,11.65617361,13.29727648,11.15452556,54061,protein_coding,chr17
gene128,10.01105311,13.54827916,11.44152618,10.55379097,12.50060515,11.71116576,10.26092308,12.53230199,10.95581483,9.219882716,12.63994476,10.71092593,10.70612714,13.19532746,11.68514229,10.10621585,13.33743739,11.75142368,9.830306508,12.49694193,11.02225582,11.33203699,12.4497557,11.02503345,190785,protein_coding,chr17
gene129,11.59026713,13.47098187,13.70622553,10.55496118,12.7598454,12.32340215,11.04179405,13.4405259,12.81567049,10.48179158,13.28924239,13.02656827,10.82618465,12.94307445,13.25352936,12.39370967,13.15438492,13.10727093,10.69750894,12.77871109,13.28582288,10.67870645,12.69002424,13.43377511,166543,protein_coding,chr18
gene130,10.68877403,7.554543223,10.85072661,10.35852582,6.530597916,10.54872937,10.78185323,7.079096197,10.62339639,10.55594385,6.528152326,10.5639648,10.87491418,7.421892909,11.1601861,10.65654065,7.084481836,10.51067709,10.62320614,7.717256183,10.16498601,11.07568559,7.039832735,10.9512475,156676,protein_coding,chr18
gene131,8.866983415,10.78309187,9.689157642,7.896462198,10.89750816,9.581092285,8.433816385,10.8353431,8.495726611,7.733770759,10.6436667,9.015719715,8.863766728,11.15026554,9.234678703,8.471686608,10.51280785,9.412437945,8.051253793,10.94710462,8.600152021,9.449839982,10.87783118,9.617701847,78754,protein_coding,chr18
gene132,13.1650605,9.940234783,11.93214894,12.07504892,9.738286859,10.56428255,11.11470176,9.291559981,10.69706279,10.79656291,9.266437054,11.14404226,11.52485471,9.489589352,10.96717255,11.58963284,9.836925552,11.76883843,11.50309076,9.678632468,11.24591128,11.09609717,9.41347238,10.55539762,38722,protein_coding,chr18
gene133,10.63604418,11.137209,8.926262517,9.315461899,11.67102139,8.481156172,8.706954849,10.94202281,9.243708452,9.88753602,11.41246039,8.450077389,9.612455139,11.58853766,9.416012653,9.554223764,10.85563682,8.320885098,9.86442764,11.68250528,8.201460472,9.79356003,11.24068081,7.825229265,154857,protein_coding,chr18
gene134,9.56741451,11.59593749,10.27768312,9.072365446,13.40765848,11.08639662,9.751493323,12.09325453,10.36801707,9.793019809,12.66645925,10.91752577,9.035800177,12.27926693,10.8675695,9.560801428,11.83154999,9.839285442,9.665069122,12.7628016,11.14090972,10.45434446,12.58406486,10.63990853,25636,protein_coding,chr19
gene135,10.3510855,8.696479704,8.715331266,11.12843478,8.342166199,9.769553485,11.86627687,8.391164656,9.53216923,11.1995216,9.043620217,8.715915235,10.25457683,8.742530011,9.217924643,11.59324677,8.778305142,8.451576122,11.75991033,9.526459645,8.94683535,12.19315319,8.359982672,8.63763249,109738,protein_coding,chr19
gene136,12.59549022,11.99167527,13.74640079,14.76557704,13.82633283,14.42083245,14.12203334,12.53102476,15.07041034,13.4727413,12.51711916,15.57269769,15.09689582,11.96083659,14.87092932,14.35277973,12.20510948,14.49002723,14.61198677,13.09607389,15.15012824,14.55381089,12.91589643,15.26432941,35983,protein_coding,chr19
gene137,10.27393163,13.19680094,12.51635645,10.54792562,13.12835087,11.57512379,9.101317315,12.090656,10.63150042,9.370209447,11.80872128,10.65615954,8.72888581,12.33574606,10.96416183,9.643689055,12.79750576,11.69065301,9.563971939,11.72126217,10.26144395,9.631912306,12.05009803,11.03962492,75177,protein_coding,chr19
gene138,9.634660661,11.33073791,10.57596606,8.650055842,9.639927582,9.171239256,8.348914359,10.75884518,9.619507814,8.421780257,10.57067578,10.08727228,7.858673314,10.86134585,9.842712866,8.941243613,11.90820386,10.27044323,8.261813153,10.18620647,9.658937709,8.4256786,10.46598955,10.30350678,11569,protein_coding,chr19
gene139,14.52877177,12.10901545,14.28940835,13.52699208,11.47011117,13.78916172,13.87340252,11.75874367,14.6976241,14.38256932,11.1917122,14.82034601,15.58307852,10.85125145,14.8099104,14.61610689,11.7058215,14.70593964,14.44929573,11.67320038,14.65696053,13.48435371,11.21121686,15.07973764,38380,protein_coding,chr20
gene140,11.27864668,9.09534006,10.93862088,11.03508161,10.23970713,10.13851244,10.82871441,9.191632518,10.98330502,11.51615699,8.931487499,11.44259635,11.48383616,9.062531487,10.38023311,11.81819582,9.607358382,11.23934723,11.41474553,8.962379783,11.51265143,11.13607389,8.596663954,11.24484563,27623,protein_coding,chr20
gene141,10.14288308,13.63452047,9.844653907,10.81147947,13.50053438,11.48742574,11.25237962,13.85457723,10.00481549,10.69370933,13.4712039,10.23243943,10.96404947,13.75335843,9.935814412,11.03162295,13.64958518,10.44345979,11.30072863,13.26407916,10.20211683,10.93213343,13.37668894,10.2661787,113486,protein_coding,chr20
gene142,12.39381592,14.9079603,11.90413165,10.28002785,13.04373672,10.56040994,10.94302327,13.23918589,10.79049923,11.29829345,13.58105036,11.18588607,10.91367118,13.0049382,9.868705832,11.39723678,14.0055853,11.68148693,11.05246495,13.1693441,11.52735531,11.4565903,12.86315508,11.15324819,4844,protein_coding,chr22
gene143,16.11236713,14.39547109,14.93401168,18.23018284,15.54133428,17.35382455,18.71782059,15.44661151,17.01941803,18.3847179,15.40313228,17.50978719,18.02918051,15.27041796,16.18254341,18.00550213,15.069935,16.36662294,17.71151392,14.84991566,16.61863551,18.10381496,15.23313518,16.50595086,954,others,chrM
gene144,19.97060959,18.33684211,18.94895763,20.55455438,18.01284295,20.03957825,21.8167953,18.30580564,19.76808642,20.85384544,18.03866644,19.14383947,20.72643331,18.2067817,18.64602057,20.54501314,18.38438544,19.025802,20.30924141,18.31359704,18.83476362,20.47960851,18.23461065,18.72996834,1559,others,chrM
gene145,13.15294801,11.47736116,12.1818766,12.20148529,9.751806348,12.24555024,12.09165264,10.85282821,10.8918084,12.36015951,9.775290436,10.72872894,13.13732094,10.20218612,11.23036413,13.01719585,11.18568409,12.35420182,13.44200896,10.09732911,11.19636714,12.07563489,10.24812542,11.09655833,207,protein_coding,chrM
gene146,18.42915476,16.320505,16.87577747,18.75357772,15.55006584,17.41234383,18.18619457,16.61287705,16.89443992,17.04626377,15.16279035,16.29192553,17.8984508,16.30246394,16.49769841,18.63191121,16.72527653,17.37527418,19.12855644,16.40791602,16.96032746,17.55429787,16.30337296,16.6112536,784,protein_coding,chrM
gene147,12.96878278,10.97098827,11.45795889,12.49737358,10.1152341,11.67520878,12.93310824,11.65937114,11.87919555,12.0519943,10.36445084,11.23487973,13.09078308,11.42869544,11.55978093,13.52729289,11.17007277,12.05584842,13.99493408,10.91495777,11.67877301,13.90259953,11.32598736,11.28272251,346,protein_coding,chrM
gene148,14.09329356,12.37194118,13.12066806,13.86665996,11.557935,13.45487883,13.71853399,12.52365864,12.70789637,13.71531058,11.61116914,12.65423719,14.4876627,12.60418787,12.59099965,14.41672379,12.81534523,13.87642653,14.57478066,11.97084037,12.74749179,14.83043417,11.96276454,12.71984498,297,protein_coding,chrM
gene149,10.00798227,12.23245611,11.10517206,10.02865006,11.24893475,10.8509463,9.466287443,12.00585082,10.43899651,9.534727419,11.86526048,10.49628784,9.548940957,12.25382063,10.47211298,9.542640193,12.25529149,11.06218673,9.624091418,11.27767135,10.76286392,9.477561413,11.58670181,10.64990621,17593,protein_coding,chrX
gene150,12.3682998,10.18500948,11.86548718,12.7994226,11.03576235,11.69005379,10.76653037,9.945080494,11.4654308,12.45244498,9.770952646,11.90449746,13.04854224,9.422996379,11.75648734,11.53722999,9.731674896,12.12089341,11.35756167,10.36273428,12.29933294,11.88386057,9.617570987,11.63083267,22138,protein_coding,chrX
gene151,11.80541025,12.03594531,10.29185504,12.52002066,11.17057255,8.887823763,11.05761788,11.68601141,10.10250148,12.36572554,11.26757043,10.16604319,12.76585752,11.46158135,10.05191289,12.76981015,12.29781303,10.90595442,11.68758927,11.72762162,10.37324547,12.40503085,11.35676449,9.136223061,7559,protein_coding,chrX
gene152,10.6752873,8.678228532,11.31401024,10.19100266,8.983082426,10.44192609,9.155260655,8.540812648,10.71624047,9.38002151,8.413308583,10.37491638,9.811417415,7.876771302,10.6235425,9.45707961,9.307830226,10.93868985,9.819759578,8.514984051,10.85088591,9.122378936,8.40724877,10.66253114,2250,protein_coding,chrX
gene153,12.11002375,16.68805379,14.9536443,13.63385032,15.63482051,12.98498687,11.8155299,16.23008169,13.08600001,12.07633813,16.7401388,14.59090313,12.86980083,16.99171441,14.16134551,12.73642598,16.24075487,14.0708799,11.18574903,16.39169724,13.56632213,12.70835307,16.39596166,13.30208388,64122,protein_coding,chrX
gene154,9.815910002,7.979094778,10.42039875,11.8220411,9.1144726,10.9812148,10.37771789,8.64838793,11.06396396,10.21641699,9.082645668,11.46542806,10.86059816,8.484904823,10.24123174,10.1774971,8.316211537,10.50567137,11.35756167,9.197402117,11.61974096,10.54622296,8.545389804,11.16787018,1265,protein_coding,chrX
gene155,7.905782751,11.2210223,9.290446899,8.327405571,9.930570139,9.105432539,9.226985678,10.47784507,9.120140615,7.949453689,11.21903712,8.647680514,8.910000689,10.64701312,9.539814868,8.224842631,10.47941889,8.433615341,8.770567423,10.51632943,8.540894317,7.821908444,10.60722157,9.131041283,61852,protein_coding,chrX
